CREATE DATABASE SEMISTER
CREATE table AGENT(
Merchant_ID varchar(12)primary key,
Merchant_name varchar(45),
Merchant_enterprise varchar(34),
Edu_level  varchar(34),
Ownership varchar(45),
Gender varchar(12),
Street_Id  varchar(12) references location(street_id),

);

insert into AGENT values('M001','Grace Anobea','Gods Time','SHS','No','Female','S001')
insert into AGENT values('M002','Fredrick boakye','Boakyes Busisness','SHS','No','Male','S002')
insert into AGENT values('M003','Grace Donkor','God First Ent','SHS','No','Female','S003')
insert into AGENT values('M004','Aice Allotey','Ike Business Ent','SHS','No','Female','S004')
insert into AGENT values('M005','Mohammed Ali','Jakota Business Ent','SHS','No','Male','S005')
insert into AGENT values('M006','Elizabeth Obour','Lord Grace Ent','SHS','No','Female','S006')
insert into AGENT values('M007','Solomon Acheapong','Easy Way Ent','JHS','Yes','Male','S007')
insert into AGENT values('M008','Sandra Abena','God Is Able Ent','JHS','No','Female','S008')
insert into AGENT values('M009','Alfred Obeng','F&F Business','SHS','Yes','Male','S009')
insert into AGENT values('M010','Lydia Kwatengmaa','Enson Ent','SHS','Yes','Female','S010')
insert into AGENT values('M011','Abanvga Yayori Grace','Pray To God EANT','SHS','No','Female','S011')
insert into AGENT values('M012','Nkonim Benedicta','Adjei Ent','SHS','No','female','S012')
insert into AGENT values('M013','Naziru Mohammed','Adom Nti Ent','SHS','Yes','Male','S013')
insert into AGENT values('M014','Benjamin Asare','Asondwe Ent','SHS','No','Male','S014')
insert into AGENT values('M015','Rosemary Atenga','Good Mother Ent','SHS','No','Female','S015')
insert into AGENT values('M016','Osei John','Jonn Ent','SHS','No','Male','S016')
insert into AGENT values('M017','Ellizab Anto','Mama Afia Ent','SHS','No','Female','S017')
insert into AGENT values('M018','Imaculate Adjeiwaa','SirJohn Ent','SHS','No','female','S018')
insert into AGENT values('M019','Majid Waris','Everything By God Ent','SHS','No','Male','S019')
insert into AGENT values('M020','Abdulai Moro','Shebere Sesafo','JHS','No','Male','S020')


insert into AGENT values('M021','Angelina Boatemaa','God Is Good Ent','SHS','Yes','Female','S021')
insert into AGENT values('M022','Rockson Sah','PKs Ent','SHS','Yes','Male','S022')
insert into AGENT values('M023','Acheampong Kusi Frank','F&J Business Ent','SHS','No','Male','S023')
insert into AGENT values('M024','Adline Adoa','A&A Ent','SHS','Yes','Female','S024')
insert into AGENT values('M025','Natalia Ankoma','Ds Intellize Ventures','SHS','Yes','Male','S025')
insert into AGENT values('M026','Gideon Baffour','Yehowa Neme hwefo Ent','JHS','Yes','Male','S026')
insert into AGENT values('M027','Ankama Franklin','Everlasting Ent','SHS','No','Male','S027')
insert into AGENT values('M028','Adjei Frimpong Micheal','Jesus Name Ent','SHS','No','Male','S028')
insert into AGENT values('M029','Kwaku Emmanuel','P&Son Ent','SHS','Yes','Male','S029')
insert into AGENT values('M030','Micheal Asare','Mike Ent','SHS','Yes','Male','S030')
insert into AGENT values('M031','Dedora Agantaba','Time Is Money Business','Terriary','Yes','Female','S031')
insert into AGENT values('M032','Adu Patrick','Master Jonn Ent','SHS','Yes','Male','S032')

insert into AGENT values('M033','Tashiru Abdulai',' Vision Ent','SHS','No','Male','S033')
insert into AGENT values('M034','Joyce Atibilla','Mama Hajnia Ent','SHS','No','Female','S034')
insert into AGENT values('M035','Helina Otu','Nyame Beye Ent','SHS','No','Female','S035')
insert into AGENT values('M036','Benedicta Dogbe','Blood Of Jesus Ent','SHS','No','Female','S036')
insert into AGENT values('M037','Eunice Kisiswaa','Work And Happiness Ent','SHS','No','Female','S037')
insert into AGENT values('M038','Manu Grace','Adom No Nti Ent','SHS','No','Female','S038')
insert into AGENT values('M039','Gilbert Kwame','FT Ventures','SHS','No','Male','S039')
insert into AGENT values('M040','Mary Pokuah','Hope Of God Ent','SHS','No','Female','S040')
insert into AGENT values('M041','Hajia Bintu','Allaris Bussiness','SHS','No','Female','S041')
insert into AGENT values('M042','Micheal Azure','Asi Business','SHS','No','Male','S042')
insert into AGENT values('M043','Agyemang Boadu','Andys Home','SHS','No','Male','S043')
insert into AGENT values('M044','Angella','Life Is Time','SHS','No','Female','S044')
insert into AGENT values('M045','Jordan Asare','Gods Way Ventures','SHS','Yes','Male','S045')
insert into AGENT values('M046','Gloria Asantwaa','Serwaa Tekye Ventures','SHS','No','Female','S046')
insert into AGENT values('M047','Helina Antwi','Adom Ventures','SHS','No','Female','S047')
insert into AGENT values('M048','Francis Akufo','Love God Ent','SHS','No','Male','S048')
insert into AGENT values('M049','Patience Bassuk','Pananel Ent','SHS','No','Female','S049')
insert into AGENT values('M050','Emmanuel Akomaning','Poly Business Solution Ent','SHS','Yes','Female','S050')

insert into AGENT values('M051','Mensah Isaac','Ike Ent','SHS','No','Male','S051')
insert into AGENT values('M052','Adwoa Grace','To Him Alone','SHS','Yes','Female','S052')
insert into AGENT values('M053','Amoako Pious','Ampees Ventures','SHS','No','Male','S053')
insert into AGENT values('M054','Event Authur','Btarks Ventures','SHS','Yes','Female','S054')
insert into AGENT values('M055','Mabel Amoah','Marbens Ventures','SHS','Yes','Female','S055')
insert into AGENT values('M056','Ababio Richmond Ampofo','Aka Bee Ventures','SHS','No','Male','S056')
insert into AGENT values('M057','Osei Ampadu Mandible','Scamzys Ventures','SHS','Yes','Male','S057')
insert into AGENT values('M058','Paul Menma','Paul Gee Ent','SHS','No','Male','S058')
insert into AGENT values('M059','Tracy Frimpomaa','Tei-Fee Ventures','SHS','Yes','Female','S059')
insert into AGENT values('M060','Amoako Mavis','Free Man Ventures','SHS','No','Female','S060')

insert into AGENT values('M061','Felecia Tetteh','Felise Ent','SHS','No','Female','S061')
insert into AGENT values('M062','David Amoah','Davido Ventures','SHS','Yes','Male','S062')
insert into AGENT values('M063','Bnedicta Dukuu','B & D Ent','SHS','Yes','Male','S063')
insert into AGENT values('M064','Laar Christiana','Chrisats Ent','Terciary','No','Female','S064')
insert into AGENT values('M065','Charles Mensah','CM Books & Stationary','terciary','Yes','Male','S065')
insert into AGENT values('M066','Maxwell Gakpetor','Gakpet Ent','SHS','Yes','Male','S066')
insert into AGENT values('M067','Owusu Joshuah','Sir Joe Multimedia','Terciary','Yes','Male','S067')
insert into AGENT values('M068','Alhassan Ibrahim','Alass Tech Ventures','Lech','Yes','Male','S068')
insert into AGENT values('M069','Charity Adidiwa','Domino Ventures','SHS','No','Female','S069')
insert into AGENT values('M070','Affum Gifty','God Is Good Ent','SHS','Yes','Female','S070')
insert into AGENT values('M071','Voronica Henewaa','Piai B Company Ltd','SHS','No','Female','S071')
insert into AGENT values('M072','Linda Agyemah','It Takes Grace Ent','SHS','Yes','Female','S072')

insert into AGENT values('M073','Gifty Mensah','God First Ent','SHS','Yes','Female','S073')
insert into AGENT values('M074','Adu Kelson','God Is King Ent','Terciary','Yes','Male','S074')
insert into AGENT values('M075','Selina Agyeman','Annointed Ent','terciary','Yes','Female','S075')
insert into AGENT values('M076','Innusah Hafisah','Hope Ent','SHS','Yes','Female','S076')
insert into AGENT values('M077','Isaac Kumson','Komson Ventures','SHS','Yes','Male','S077')
insert into AGENT values('M078','Maras Nkansah','Garvy Ent','SHS','No','Male','S078')
insert into AGENT values('M079','Bernice Abogana','De Convenant Ent','SHS','No','Female','S079')
insert into AGENT values('M080','Samuel Adjie Forson','Samuel Ventures','SHS','Yes','Male','S080')
insert into AGENT values('M081','Pascal Duraa','Dumans Ventures','SHS','No','Male','S081')
insert into AGENT values('M082','Donkor Emmanuel','Odonkors Ent','SHS','Yes','Male','S082')

insert into AGENT values('M083','Helina Pomaa','Don Mingo Ventures','SHS','Yes','Female','S083')
insert into AGENT values('M084','Addae Micheal','Addaes Ent','SHS','Yes','Male','S084')
insert into AGENT values('M085','Akin Sylvester','Sly Gee Ventures','SHS','Yes','Male','S085')
insert into AGENT values('M086','Mama Rose','Mama Gee Ent','SHS','Yes','Female','S086')
insert into AGENT values('M087','Cosmos Agyeman','Cosmos Ventures','SHS','Yes','Male','S087')
insert into AGENT values('M088','Owusu James','Jmmy Jay Ent','Terciary','Yes','Male','S088')
insert into AGENT values('M089','Adams Wahab','Wahabs Ent','Terciary','Yes','Male','S089')
insert into AGENT values('M090','Adamu Fatao','Bajey Ventures','SHS','Yes','Male','S090')
insert into AGENT values('M091','Rashid Bukari','Rash Ventures','SHS','Yes','Male','S091')
insert into AGENT values('M092','Owusu Christiana','Obaapa Christy Ent','SHS','No','Female','S092')

insert into AGENT values('M093','Kasim Dories','Gods Way Ventures','SHS','Yes','Female','S093')
insert into AGENT values('M094','Mohammed Najat','Nat Ent','SHS','Yes','Female','S094')
insert into AGENT values('M095','Cosmos Agyeman','Cosmos Ventures','SHS','Yes','Male','S095')
insert into AGENT values('M096','Owusu Thomas','Tommy Ent','SHS','No','Male','S096')
insert into AGENT values('M097','Boabeng Gerald','Bonnasco Ventures','SHS','Yes','Male','S097')
insert into AGENT values('M098','Paah Kwesi','PKay Arts','SHS','Yes','Male','S098')
insert into AGENT values('M099','James Bayor','God Is King Ent','Terciary','Yes','Male','S099')
insert into AGENT values('M100','Benedicta','Benedicts Ventures','SHS','No','Female','S100')

insert into AGENT values('M101','Christiana Awuni','Skylover Ent','SHS','Yes','Female','S101')
insert into AGENT values('M102','Azida Charles','Almighty Ent','SHS','Yes','Male','S102')
insert into AGENT values('M103','Boateng Vicent','Lord Jesus Ventures','SHS','Yes','Male','S103')
insert into AGENT values('M104','Emmanuel Sakye','Emman Ent','SHS','No','Male','S104')
insert into AGENT values('M105','Abraham Merieku','AB Ventures','SHS','Yes','Male','S105')
insert into AGENT values('M106','Justice Osei','Jaywise Ent','SHS','No','Female','S106')
insert into AGENT values('M107','Joel Abanga','Joez Ent','Terciary','Yes','Male','S107')
insert into AGENT values('M108','Kwaku Micheal','MK Ventures','SHS','No','Female','S108')
insert into AGENT values('M109','Badu Ebenezer','Alhaji Ent','SHS','Yes','Male','S109')
insert into AGENT values('M110','Juliana Ampofowaa','Juli Ent','SHS','Yes','Female','S110')
insert into AGENT values('M111','Janet Adjeiwaa','STz Ent','SHS','No','Female','S111')
insert into AGENT values('M112','Micheal Issuk','Mikex Ent','SHS','No','Male','S112')
insert into AGENT values('M113','Daniel Agypong','Danii Business','SHS','No','Male','S113')
insert into AGENT values('M114','Kwaku Stephen','Sudee Business','SHS','No','Male','S114')
insert into AGENT values('M115','Akua Juana','Ebenz Ent','SHS','Yes','Female','S115')
insert into AGENT values('M116','Obour Eliana','Elis Ventures','SHS','No','Female','S116')
insert into AGENT values('M117','Joel Agyeman','Jobee Ventures','SHS','No','Male','S117')
insert into AGENT values('M118','Abusah Jonathan','Jona Business','SHS','yes','Male','S118')
insert into AGENT values('M119','Lydia Opoku','Queen Sheba Ent','SHS','Yes','Female','S119')
insert into AGENT values('M120','Anika Jacob','Standy Ventures','SHS','Yes','Male','S120')


insert into AGENT values('M121','Scande Mariama','Sbee ent','SHS','Yes','Female','S121')
insert into AGENT values('M122','Hoddai Angelina','Andee Ventures','SHS','No','Female','S122')
insert into AGENT values('M123','Adjei Boateng','Adjei Bussiness Sol','SHS','Yes','Male','S123')
insert into AGENT values('M124','Ampofowaa Diana','Sandy Ent','SHS','No','Female','S124')
insert into AGENT values('M125','Emmanuel Agyekum','SD Ventures','SHS','Yes','Male','S125')
insert into AGENT values('M126','Kwaku Daniel','Solem Ent','SHS','No','male','S126')
insert into AGENT values('M127','Owusuaa Portia','Portia Ent','SHS','Yes','Female','S127')
insert into AGENT values('M128','Martin Effah','Matinees Ent','SHS','Yes','Male','S128')
insert into AGENT values('M129','Yaw Paul','Opp Ent','SHS','Yes','Male','S129')
insert into AGENT values('M130','Edmund Owusu','Edys Ent','SHS','Yes','Male','S130')
insert into AGENT values('M131','Akua Emmilia','Mma Emi Ent','SHS','Yes','Female','S131')
insert into AGENT values('M132','John Abanga','Johns Ent','SHS','Yes','Male','S132')
insert into AGENT values('M133','Boateng Fredrick','God Trust','SHS','Yes','Male','S133')
insert into AGENT values('M134','Joel Shie','G $ D ent','SHS','No','Male','S134')
insert into AGENT values('M135','Micheal Amponsah','Mikes Ent','SHS','Yes','Male','S135')
insert into AGENT values('M136','Manu Diana','Diana ent','SHS','Yes','Female','S136')
insert into AGENT values('M137','Hamidu Musah','Gogee Ent','SHS','No','Male','S137')
insert into AGENT values('M138','Jestina Owusuaa','Jestys Ent','SHS','yes','Female','S138')
insert into AGENT values('M139','Kofi Seth','Kofis Ent','SHS','Yes','Male','S139')
insert into AGENT values('M140','Nnua Isaac','Nua Ent','SHS','Yes','Male','S140')


insert into AGENT values('M141','Gabriel Adu','Gods Mercy','SHS','No','male','S141')
insert into AGENT values('M142','Inocent Akyem','Ino Busisness','SHS','yes','Male','S142')
insert into AGENT values('M143','Akosua Manu',' First Ent','SHS','No','Female','S143')
insert into AGENT values('M144','Aice Abena','makos Business Ent','SHS','No','Female','S144')
insert into AGENT values('M145','Abraham Moro','Moro Business Ent','SHS','No','Male','S145')
insert into AGENT values('M146','Elizabeth Owusu',' Grace Ent','SHS','No','Female','S146')
insert into AGENT values('M147','Obeng Acheapong','Easy  Ent','JHS','Yes','Male','S147')
insert into AGENT values('M148','Sandra Owusu','God Is Able','JHS','No','Female','S148')
insert into AGENT values('M149','Isaac Obeng','Fk Business','SHS','Yes','Male','S149')
insert into AGENT values('M150','Lydia Ampofowaa','lodiis Ent','SHS','Yes','Female','S150')
insert into AGENT values('M151','Abanvga  Grace','Pray To God ','SHS','No','Female','S151')
insert into AGENT values('M152','Nhyira Benedicta','N Ent','SHS','No','female','S152')
insert into AGENT values('M153','Naziru Ibrahim','IB  Ent','SHS','Yes','Male','S153')
insert into AGENT values('M154','Benjamin Abass','AT Ent','SHS','No','Male','S154')
insert into AGENT values('M155','Rosemary Tawiah','Good Mother Ent','SHS','No','Female','S155')
insert into AGENT values('M156','Dukuu John','dukuu Ent','SHS','No','Male','S156')
insert into AGENT values('M157','Ellizab Berma','Mama Afia Ent','SHS','No','Female','S156')
insert into AGENT values('M158','Grace Adjeiwaa','John Ent','SHS','No','female','S157')
insert into AGENT values('M159','Abdul Waris','By God Ent','SHS','No','Male','S159')
insert into AGENT values('M160','Abdulai Wahab','Bata nyame Ent','JHS','No','Male','S160')


insert into AGENT values('M161','Grace	Boatemaa','God Is Good Business','SHS','Yes','Female','S161')
insert into AGENT values('M162','Rockson Shie','SK Ent','SHS','Yes','Male','S162')
insert into AGENT values('M163',' Kusi Frank','JK Business Ent','SHS','No','Male','S163')
insert into AGENT values('M164','Adline Agyekum','A&A Ent','SHS','Yes','Female','S164')
insert into AGENT values('M165','Mathar Ankoma','Ds  Ventures','SHS','Yes',' Female','S165')
insert into AGENT values('M166','Gideon Gakptor','Yehowa Neme hwefo Ent','JHS','Yes','Male','S166')
insert into AGENT values('M167','Boatent Franklin','Everything by God Ent','SHS','No','Male','S167')
insert into AGENT values('M168','Adjei  Micheal','Jesus Name Ent','SHS','No','Male','S168')
insert into AGENT values('M169','Kwadwo Emmanuel','P&S Ent','SHS','Yes','Male','S169')
insert into AGENT values('M170','Joel Asare','JS Ent','SHS','Yes','Male','S170')
insert into AGENT values('M171','Dedora Dukuu','Time  Business','Terriary','Yes','Female','S171')
insert into AGENT values('M172','Adu Ransford',' Jonn Ent','SHS','Yes','Male','S172')

insert into AGENT values('M173','Ibrahim Abdulai',' Vision Ent','SHS','No','Male','S173')
insert into AGENT values('M174','Grace Atibilla',' Hajnia Ent','SHS','No','Female','S174')
insert into AGENT values('M175','Helina Benewaa','Nyame nti Ent','SHS','No','Female','S175')
insert into AGENT values('M176','Benedicta Twenewaa','Blood Of Jesus Ent','SHS','No','Female','S176')
insert into AGENT values('M177','Eunice Kusi',' Happiness Ent','SHS','No','Female','S177')
insert into AGENT values('M178','Mensah Grace','Adom No Ent','SHS','No','Female','S178')
insert into AGENT values('M179','Gilbert Kwarteng','FT Ventures','SHS','No','Male','S179')
insert into AGENT values('M180','Mary Nkom','Hope Ent','SHS','No','Female','S180')



insert into AGENT values('M181','Daniel Owusu','Lord Is Able','JHS','No','male','S181')
insert into AGENT values('M182','Isaac Laar','TT Business','SHS','Yes','Male','S182')
insert into AGENT values('M183','Mary Ampofowaa','Mudy Ent','SHS','Yes','Female','S183')
insert into AGENT values('M184','Abaswe  Grace','Pray Ent ','SHS','No','Female','S184')
insert into AGENT values('M185','Nhyira Felicia','Rt Ent','SHS','No','female','S185')
insert into AGENT values('M186','Naziru Mohammed','Ike  Ent','SHS','Yes','Male','S186')
insert into AGENT values('M187','Banabass Abass','AMT Ent','SHS','No','Male','S187')
insert into AGENT values('M188','Rosemary Asomadu','Good Mother Business','SHS','No','Female','S188')
insert into AGENT values('M189','Kwaku John','Matis Ent','SHS','No','Male','S189')
insert into AGENT values('M190','Benedicta Berma','Mama Ent','SHS','No','Female','S190')
insert into AGENT values('M191','Portia Adjeiwaa','Unity Ent','SHS','No','female','S191')
insert into AGENT values('M192','Abdul Majid',' God Ent','SHS','No','Male','S192')
insert into AGENT values('M193','Mohammed Wahab','Bata no Ent','JHS','No','Male','S193')


insert into AGENT values('M194','Joyce	Boatemaa','God Is Good Ent','SHS','Yes','Female','S194')
insert into AGENT values('M195','Rockson Sah','SK Ent','SHS','Yes','Male','S195')
insert into AGENT values('M196',' Adjei Frank','AL Business Ent','SHS','No','Male','S196')
insert into AGENT values('M197','Adline Manu','A&M Ent','SHS','Yes','Female','S197')
insert into AGENT values('M198','Cynthia Ankoma','DW  Ventures','SHS','Yes',' Female','S198')
insert into AGENT values('M199','Saviour Gakptor',' Me hwefo Tease Ent','JHS','Yes','Male','S199')
insert into AGENT values('M1200','Martin Adjei','Everything by God Ent','SHS','No','Male','S200')




select * from AGENT
Create  table  LOCATION(
Street_id varchar(12)primary key ,
street_name varchar(45),
Geo_Location varchar(34),
structure_id varchar(23)references structure(structure_id),

);
insert into LOCATION values('S001','Aviation','BS-0397-8459','ST001')
insert into LOCATION values('S002', 'SYI-BA-GHA','BS-0397-1683','ST002')
insert into LOCATION values('S003','SYI-BA-GHA','BS-0397-8967','ST003')
insert into LOCATION values('S004','Nana Boadi Rd','BS-0398-7212','ST004')
insert into LOCATION values('S005','Nana Boadi Rd','BS-0398-7510','ST005')
insert into LOCATION values('S006','Sunyani','BS-0018-1611','ST006')
insert into LOCATION values('S007','SYI-BA-GHA','BS-0396-7768','ST007')
insert into LOCATION values('S008','SYI-BA-GHA','BS-0398-8358','ST008')
insert into LOCATION values('S009','STI-BA-GHA','BS-0398-7984','ST009')
insert into LOCATION values('S010','Nana Boadi Rd','BS-0398-8308','ST010')
insert into LOCATION values('S011','Little Wood Av','BS-0398-4984','ST011')
insert into LOCATION values('S012','Little Wood Av','BS-0451-6755','ST012')
insert into LOCATION values('S013','Nana Boadi Rd','BS-0398-6352','ST013')
insert into LOCATION values('S014','Nana Boadi Rd','BS-0398-6447','ST014')
insert into LOCATION values('S015','Nana Boadi Rd','BS-0397-6235','ST015')
insert into LOCATION values('S016','Little Wood Av','BS-0398-3776','ST016')
insert into LOCATION values('S017','Little Wood Av','BS-0398-9906','ST017')
insert into LOCATION values('S018','Little Wood Av','BS-0398-87120','ST018')
insert into LOCATION values('S019','Little Wood Av','BS-0347-6019','ST019')
insert into LOCATION values('S020','Little Wood Av','BS-0347-3612','ST020')
insert into LOCATION values('S021','Nana Boadi Rd','BS-0398-0779','ST021')
/*new line*/
insert into LOCATION values('S022','Little Wood Av','BS-0347-1412','ST022')
insert into LOCATION values('S023', 'Nana Boadi Rd','BS-0347-9402','ST023')
insert into LOCATION values('S024','Little Wood Av','BS-0347-9910','ST024')
insert into LOCATION values('S025','Little Wood Av','BS-0347-72129208','ST025')
insert into LOCATION values('S026','Little Wood Av','BS-0300-5210','ST026')
insert into LOCATION values('S027','Nanan Boadi Rd','BS-0257-5997','ST027')
insert into LOCATION values('S028','Nana Boadi Rd','BS-0257-7577','ST028')
insert into LOCATION values('S029','Nana Boadi Rd','BS-0257-6672','ST029')
insert into LOCATION values('S030','Nana Boadi Rd','BS-0219-1874','ST030')
insert into LOCATION values('S031','Nana Boadi Rd','BS-0219-83089374','ST031')
insert into LOCATION values('S032','Nana Boadi Rd','BS-0184-5478','ST011')

insert into LOCATION values('S033','Nana Boadi Rd','BS-0184-7950','ST033')
insert into LOCATION values('S034', 'Little Wood Av','BS-0151-5943','ST034')
insert into LOCATION values('S035','SYI-BA-GHA','By-0060-2809','ST035')
insert into LOCATION values('S036','Nana Boadi Rd','BS-0152-7548','ST036')
insert into LOCATION values('S037','Little Wood Av','BS-0118-5461','ST037')
insert into LOCATION values('S038','Little Wood Av','BS-0118-3462','ST038')
insert into LOCATION values('S039','Nana Boadi Rd','BS-0118-1261','ST039')
insert into LOCATION values('S040','SYI-BA-GHA','BS-0116-2405','ST040')
insert into LOCATION values('S041','Little Wood Av','BS-0118-0760','ST041')
insert into LOCATION values('S042','Little Wood Av','BS-0118-1560','ST042')
insert into LOCATION values('S043','Nana Boadi Rd','BS-0118-3066','ST043')
insert into LOCATION values('S044','Nana Boadi Rd','BS-0118-3066','ST044')
insert into LOCATION values('S045', 'Fiapre','BY-0114-5278','ST045')
insert into LOCATION values('S046','SYI-BA-GHA','By-0114-5174','ST046')
insert into LOCATION values('S047','Fiapre Market','BY-0116-5069','ST047')
insert into LOCATION values('S048','Berekum Rd','BS-0001-0525','ST048')
insert into LOCATION values('S049','Fiapre Market','BY-0115-4566','ST049')
insert into LOCATION values('S050','Sunyani Anum Rd','BS-0061-7934','ST050')

insert into LOCATION values('S051','Sunyani-Berekum Rd','BS-0001-0525','ST051')
insert into LOCATION values('S052','Sunyani-Berekum Rd','BS-0016-6557','ST052')
insert into LOCATION values('S053','Victoria Market','BS-0116-8574','ST053')
insert into LOCATION values('S054','Sunyani-Berekum Rd','BS-0001-2784','ST054')
insert into LOCATION values('S055', 'Fiapre','BS-0001-9519','ST055')
insert into LOCATION values('S056','Victoria Av','BS-0064-9519','ST056')
insert into LOCATION values('S057','Akoose','BS-0001-6313','ST057')
insert into LOCATION values('S058','Bosoma High St','BS-0008-4102','ST058')
insert into LOCATION values('S059','Owusu Agyapong Ave','BS-0008-4410','ST059')
insert into LOCATION values('S060','Owusu Agyapong Ave','BS-0008-5009','ST060')

insert into LOCATION values('S061','Yeboah Afari','BS-0008-4223','ST061')
insert into LOCATION values('S062','Fiapre Market','BY-0115-3633','ST062')
insert into LOCATION values('S063','Kofi Yeboah','BY-0150-8979','ST063')
insert into LOCATION values('S064','Fiapre Station','BS-0092-4227','ST064')
insert into LOCATION values('S065', 'New-Dormaa','BS-0021-9009','ST065')
insert into LOCATION values('S066','Nana Boadi Rd','BS-0091-9845','ST066')
insert into LOCATION values('S067','Fiapre Market','BS-0091-7440','ST067')
insert into LOCATION values('S068','Nana Boadi Rd','BY-0115-5045','ST068')
insert into LOCATION values('S069','Sunyani-Berekum Rd','BY-0115-4029','ST069')
insert into LOCATION values('S070','Sunyani-Berekum Rd','BS-0060-7478','ST070')
insert into LOCATION values('S071','Sunyani-Berekum Rd','BS-0061-0984','ST071')
insert into LOCATION values('S072','Sunyani-Berekum Rd','BS-0061-0773','ST072')

insert into LOCATION values('S073','Kofi Yeboah','BS-0061-1846','ST073')
insert into LOCATION values('S074','Fiapre Station','BY-0142-4228','ST074')
insert into LOCATION values('S075', 'New-Dormaa','BY-0321-4334','ST075')
insert into LOCATION values('S076','Nana Boadi Rd','BS-4014-4833','ST076')
insert into LOCATION values('S077','Sumyani Berekum Rd','BS-0114-5214','ST077')
insert into LOCATION values('S078','Sunyani-Berekum Rd Rd','BY-0151-6212','ST078')
insert into LOCATION values('S079','Sunyani-Berekum Rd','BS-0012-4301','ST079')
insert into LOCATION values('S080','Sunyani-Berekum Rd','BS-0092-4586','ST080')
insert into LOCATION values('S081','Sunyani-Berekum Rd','BS-0092-4466','ST081')
insert into LOCATION values('S082','Bosoma/Ave','BS-0008-8522','ST082')

insert into LOCATION values('S083','Bosoma','BS-0008-2999','ST083')
insert into LOCATION values('S084','SH Owusu Acheampong','BS-0008-4141','ST084')
insert into LOCATION values('S085', 'SH Owusu Achampong','BS-0008-4484','ST085')
insert into LOCATION values('S086','Nana Boadi Rd','BS-0007-6382','ST086')
insert into LOCATION values('S087','Sumyani Berekum Rd','BS-0007-5978','ST087')
insert into LOCATION values('S088','Sunyani-Berekum Rd Rd','BS-0007-8079','ST088')
insert into LOCATION values('S089','Sunyani-Berekum Rd','BS-0007-6280','ST089')
insert into LOCATION values('S090','Nana Boadi Rd','BS-0001-3541','ST090')
insert into LOCATION values('S091','Sunyani-Berekum Rd','BS-0092-4466','ST091')
insert into LOCATION values('S092','Bosoma/Ave','BS-0001-3000','ST092')

insert into LOCATION values('S093', 'SH Owusu Achampong','BS-0001-3978','ST093')
insert into LOCATION values('S094','Nana Boadi Rd','BS-0006-1635','ST094')
insert into LOCATION values('S095','Sumyani Berekum Rd','BS-0006-2830','ST095')
insert into LOCATION values('S096','Sunyani-Berekum Rd Rd','BS-0006-3124','ST096')
insert into LOCATION values('S097','Sunyani-Berekum Rd','BS-0006-2312','ST097')
insert into LOCATION values('S098','Nana Boadi Rd','BS-0020-3140','ST098')
insert into LOCATION values('S099','Sunyani-Berekum Rd','BS-0006-4351','ST099')
insert into LOCATION values('S100','Bosoma/Ave','BS-0006-3947','ST100')

insert into LOCATION values('S101', 'SH Owusu Achampong','BS-0007-9964','ST101')
insert into LOCATION values('S102','Nana Boadi Rd','BS-0006-1861','ST102')
insert into LOCATION values('S103','Sumyani Berekum Rd','BS-0006-3550','ST103')
insert into LOCATION values('S104','Sunyani-Berekum Rd Rd','BS-0020-2842','ST104')
insert into LOCATION values('S105','Little Wood Av','BS-0020-2533','ST105')
insert into LOCATION values('S106','Little Wood','BY-0048-7488','ST106')
insert into LOCATION values('S107','Little Wood Av','BY-4689-7688','ST107')
insert into LOCATION values('S108','Little Wood Av','BY-4418-7483','ST108')
insert into LOCATION values('S109','Tain BA-GHA','BZ-6982-0547','ST109')
insert into LOCATION values('S110','Tain BA-GHA','BZ-6982-0548','ST110')
insert into LOCATION values('S111','Tain BA-GHA','BZ-6982-0558','ST111')
insert into LOCATION values('S112','Tain BA-GHA','BZ-6982-0521','ST112')
insert into LOCATION values('S113','Tain BA-GHA','BZ-7084-7071','ST113')
insert into LOCATION values('S114','Tain BA-GHA','BZ-7084-7043','ST114')
insert into LOCATION values('S115','Tain BA-GHA','BZ-7084-7011','ST115')
insert into LOCATION values('S116','Tain BA-GHA','BZ-7084-7084','ST116')
insert into LOCATION values('S117','Tain BA-GHA','BZ-1184-6681','ST117')
insert into LOCATION values('S118','Tain BA-GHA','BZ-1246-8161','ST118')
insert into LOCATION values('S119','Tain BA-GHA','BZ-8168-2919','ST119')
insert into LOCATION values('S120','Tain BA-GHA','BZ-6182-7172','ST120')

insert into LOCATION values('S121', 'Tain BA-GHA','BZ-7160-4865','ST121')
insert into LOCATION values('S122','Tain BA-GHA','BZ-7160-4261','ST122')
insert into LOCATION values('S123','Tain BA-GHA','BZ-7160-4321','ST123')
insert into LOCATION values('S124','Tain BA-GHA ','BZ-7160-4231','ST124')
insert into LOCATION values('S125','Tain BA-GHA','BZ-7084-7071','ST125')
insert into LOCATION values('S126','Tain BA-GHA','BZ-7084-7062','ST126')
insert into LOCATION values('S127','Tain BA-GHA','BZ-7084-7041','ST127')
insert into LOCATION values('S128','Tain BA-GHA','BZ-7084-7082','ST128')
insert into LOCATION values('S129','Tain BA-GHA','BZ-7160-6062','ST129')
insert into LOCATION values('S130','Tain BA-GHA','BZ-7160-6124','ST130')
insert into LOCATION values('S131','Tain BA-GHA','BZ-7160-6064','ST131')
insert into LOCATION values('S132','Tain BA-GHA','BZ-7160-6260','ST132')
insert into LOCATION values('S133','Tain BA-GHA','BZ-7160-4962','ST133')
insert into LOCATION values('S134','Tain BA-GHA','BZ-7160-4970','ST134')
insert into LOCATION values('S135','Tain BA-GHA','BZ-7160-4262','ST135')
insert into LOCATION values('S136','Tain BA-GHA','BZ-7160-4980','ST136')
insert into LOCATION values('S137','Tain BA-GHA','BZ-7084-7168','ST137')
insert into LOCATION values('S138','Tain BA-GHA','BZ-7084-7871','ST138')
insert into LOCATION values('S139','Tain BA-GHA','BZ-7084-7641','ST139')
insert into LOCATION values('S140','Tain BA-GHA','BZ-7084-4176','ST140')



insert into LOCATION values('S141','Tain BA-GHA','BZ-6982-0548','ST141')
insert into LOCATION values('S142','Tain BA-GHA','BZ-6982-0558','ST142')
insert into LOCATION values('S143','Tain BA-GHA','BZ-6982-0548','ST143')
insert into LOCATION values('S144','Tain BA-GHA','BZ-6982-0591','ST144')
insert into LOCATION values('S145','Tain BA-GHA','BZ-7084-7571','ST145')
insert into LOCATION values('S146','Tain BA-GHA','BZ-7084-7073','ST146')
insert into LOCATION values('S147','Tain BA-GHA','BZ-7084-7041','ST147')
insert into LOCATION values('S148','Tain BA-GHA','BZ-7084-7074','ST148')
insert into LOCATION values('S149','Tain BA-GHA','BZ-1184-6681','ST149')
insert into LOCATION values('S150','Tain BA-GHA','BZ-1246-8191','ST150')
insert into LOCATION values('S151','Tain BA-GHA','BZ-8108-2919','ST151')
insert into LOCATION values('S152','Tain BA-GHA','BZ-6132-7172','ST152')

insert into LOCATION values('S153', 'Tain BA-GHA','BZ-7160-4565','ST153')
insert into LOCATION values('S154','Tain BA-GHA','BZ-7160-4261','ST154')
insert into LOCATION values('S155','Tain BA-GHA','BZ-7160-4721','ST155')
insert into LOCATION values('S156','Tain BA-GHA ','BZ-7160-4831','ST156')
insert into LOCATION values('S157','Tain BA-GHA','BZ-7084-7471','ST157')
insert into LOCATION values('S158','Tain BA-GHA','BZ-7084-7862','ST158')
insert into LOCATION values('S159','Tain BA-GHA','BZ-7084-7441','ST159')
insert into LOCATION values('S160','Tain BA-GHA','BZ-7084-7382','ST160')
insert into LOCATION values('S161','Tain BA-GHA','BZ-7160-6762','ST161')
insert into LOCATION values('S162','Tain BA-GHA','BZ-7160-6824','ST162')
insert into LOCATION values('S163','Tain BA-GHA','BZ-7160-6464','ST163')
insert into LOCATION values('S164','Tain BA-GHA','BZ-7160-6660','ST164')
insert into LOCATION values('S165','Tain BA-GHA','BZ-7160-4862','ST165')
insert into LOCATION values('S166','Tain BA-GHA','BZ-7160-4870','ST166')
insert into LOCATION values('S167','Tain BA-GHA','BZ-7160-4462','ST167')
insert into LOCATION values('S168','Tain BA-GHA','BZ-7160-4780','ST168')
insert into LOCATION values('S169','Tain BA-GHA','BZ-7084-7868','ST169')
insert into LOCATION values('S170','Tain BA-GHA','BZ-7084-7471','ST170')
insert into LOCATION values('S171','Tain BA-GHA','BZ-7084-7341','ST171')
insert into LOCATION values('S172','Tain BA-GHA','BZ-7084-4776','ST172')

insert into LOCATION values('S173','Tain BA-GHA','BZ-7160-6962','ST173')
insert into LOCATION values('S174','Tain BA-GHA','BZ-7160-8970','ST174')
insert into LOCATION values('S175','Tain BA-GHA','BZ-7160-3262','ST175')
insert into LOCATION values('S176','Tain BA-GHA','BZ-7160-7980','ST176')
insert into LOCATION values('S177','Tain BA-GHA','BZ-7084-8168','ST177')
insert into LOCATION values('S178','Tain BA-GHA','BZ-7084-3871','ST178')
insert into LOCATION values('S179','Tain BA-GHA','BZ-7084-7491','ST179')
insert into LOCATION values('S180','Tain BA-GHA','BZ-7084-4676','ST180')


insert into LOCATION values('S181','Tain BA-GHA','BZ-7084-7043','ST181')
insert into LOCATION values('S182','Tain BA-GHA','BZ-7084-7051','ST182')
insert into LOCATION values('S183','Tain BA-GHA','BZ-7084-7784','ST183')
insert into LOCATION values('S184','Tain BA-GHA','BZ-1184-6681','ST184')
insert into LOCATION values('S185','Tain BA-GHA','BZ-1246-8101','ST185')
insert into LOCATION values('S186','Tain BA-GHA','BZ-8168-2949','ST186')
insert into LOCATION values('S187','Tain BA-GHA','BZ-6182-7192','ST187')

insert into LOCATION values('S188', 'Tain BA-GHA','BZ-7160-4855','ST188')
insert into LOCATION values('S189','Tain BA-GHA','BZ-7160-4291','ST189')
insert into LOCATION values('S190','Tain BA-GHA','BZ-7160-4351','ST190')
insert into LOCATION values('S191','Tain BA-GHA ','BZ-7160-4281','ST191')
insert into LOCATION values('S192','Tain BA-GHA','BZ-7084-7041','ST192')
insert into LOCATION values('S193','Tain BA-GHA','BZ-7084-7052','ST193')
insert into LOCATION values('S194','Tain BA-GHA','BZ-7084-7081','ST193')
insert into LOCATION values('S195','Tain BA-GHA','BZ-7084-7002','ST195')
insert into LOCATION values('S196','Tain BA-GHA','BZ-7160-6032','ST196')
insert into LOCATION values('S197','Tain BA-GHA','BZ-7160-6164','ST197')
insert into LOCATION values('S198','Tain BA-GHA','BZ-7160-6074','ST198')
insert into LOCATION values('S199','Tain BA-GHA','BZ-7160-6280','ST199')
insert into LOCATION values('S200','Tain BA-GHA','BZ-7160-4962','ST200')



select * from LOCATION

create table  structure(
structure_id varchar(23) primary key,
structure_type varchar(34),
structure_color varchar(23),
open_time time,
close_time time,
working_days int,
no_merchant_present int,
momo_id varchar(12) references momo(momo_id)


);
insert into STRUCTURE values('ST001','Kiosk','yellow','8:00am','5:00pm',7,1,'M001')
insert into STRUCTURE values('ST002','Office','Red','8:00am','7:00pm',7,1,'M002')
insert into STRUCTURE values('ST003','Kiosk','Yellow','8:00am','7:00pm',6,1,'M003')
insert into STRUCTURE values('ST004','Kiosk','Yellow','7:00am','7:00pm',7,2,'M004')
insert into STRUCTURE values('ST005','Office','Yellow','8:00am ','6:00pm',7,1 ,'M005')
insert into STRUCTURE values('ST006','Kiosk','Yellow','8:00am','7:00pm',7,1 ,'M006')
insert into STRUCTURE values('ST007','Kiosk','Yellow','8:00am','8:00pm',7,2,'M007')
insert into STRUCTURE values('ST008','Kiosk','Yellow','8:00am','9:00pm',7,1,'M008')
insert into STRUCTURE values('ST009','Office','Yellow','7:00am','7:00pm',7,1,'M009')
insert into STRUCTURE values('ST010','Office','Red','9:00am','10:00pm',7,2,'M010')
insert into STRUCTURE values('ST011','Kiosk','Yellow','8:00am','8:00pm',7,1,'M011')
insert into STRUCTURE values('ST0912','Kiosk','Yellow','7:00am','7:00pm',7,1,'M012')
insert into STRUCTURE values('ST013','Office','Blue','6:00am','6:00pm',6,1,'M013')
insert into STRUCTURE values('ST014','Office','Yellow','9:00am','9:00pm',7,1,'M014')
insert into STRUCTURE values('ST015','Office','Yellow','7:00am','9:00pm',7,3,'M015')
insert into STRUCTURE values('ST016','Kiosk','Yellow','7:00am','7:00pm',7,2,'M016')
insert into STRUCTURE values('ST017','Kiosk','Yellow','7:00am','6:00pm',7,1,'M017')
insert into STRUCTURE values('ST018','Kiosk','Yellow','7:00am','7:00pm',7,1,'M018')
insert into STRUCTURE values('ST019','Kiosk','Yellow','7:00am','8:00pm',7,1,'M019')
insert into STRUCTURE values('ST020','Kiosk','Yellow','8:00am','8:00pm',7,1,'M020')

insert into STRUCTURE values('ST021','Office','Red','7:00am','8:00pm',7,3,'M021')
insert into STRUCTURE values('ST022','Kiosk','Yellow','8:00am','8:00pm',7,1,'M022')
insert into STRUCTURE values('ST023','Office','Yellow','8:00am','8:00pm',7,2,'M023')
insert into STRUCTURE values('ST024','Kiosk','Yellow','8:00am','8:00pm',7,2,'M024')
insert into STRUCTURE values('ST025','Office','Yellow','8:00am','8:00pm',7,2,'M025')
insert into STRUCTURE values('ST026','Office','Yellow','7:00am','7:00pm',7,1,'M026')
insert into STRUCTURE values('ST027','Kiosk','Yellow','8:00am','8:00pm',7,1,'M027')
insert into STRUCTURE values('ST028','Kiosk','Yellow','7:00am','7:00pm',7,1,'M028')
insert into STRUCTURE values('ST029','Kiosk','Yellow','7:00am','7:00pm',7,2,'M029')
insert into STRUCTURE values('ST030','Office','Yellow','7:00am','6:00pm',7,2,'M030')
insert into STRUCTURE values('ST031','Office','Red','8:00am','5:00pm',7,2,'M031')
insert into STRUCTURE values('ST032','Kiosk','Yellow','7:00am','6:00pm',7,2,'M032')

insert into STRUCTURE values('ST033','Kiosk','Yellow','7:00am','6:00pm',7,1,'M033')
insert into STRUCTURE values('ST034','Office','Red','8:00am','7:00pm',7,1,'M034')
insert into STRUCTURE values('ST035','Kiosk','Yellow','8:00am','6:00pm',7,3,'M035')
insert into STRUCTURE values('ST036','Kiosk','Yellow','7:00am','6:00pm',7,2,'M036')
insert into STRUCTURE values('ST037','Office','Red','7:00am','6:00pm',7,2,'M037')
insert into STRUCTURE values('ST038','Kiosk','Yellow','8:00am','5:00pm',7,2,'M038')
insert into STRUCTURE values('ST039','Kiosk','Yellow','7:00am','5:00pm',7,2,'M039')
insert into STRUCTURE values('ST040','Kiosk','Yellow','7:00am','6:00pm',7,2,'M040')
insert into STRUCTURE values('ST041','Office','Red','7:00am','5:00pm',7,2,'M041')
insert into STRUCTURE values('ST042','Kiosk','Yellow','8:00am','6:00pm',7,1,'M042')
insert into STRUCTURE values('ST043','Office','Yellow','7:00am','5:00pm',7,2,'M043')
insert into STRUCTURE values('ST044','Kiosk','Yellow','8:00am','6:00pm',7,2,'M044')
insert into STRUCTURE values('ST045','Container','Yellow','7:30am','5:00pm',6,1,'M045')
insert into STRUCTURE values('ST046','Kiosk','Yellow','6:30am','5:00pm',6,2,'M046')
insert into STRUCTURE values('ST047','Container','Red','8:00am','6:00pm',6,2,'M047')
insert into STRUCTURE values('ST048','Office','Yellow','8:00am','6:00pm',6,2,'M048')
insert into STRUCTURE values('ST049','Shop','Yellow','6:00am','4:00pm',6,4,'M049')
insert into STRUCTURE values('ST050','Container','Yellow','8:00am','6:00pm',6,1,'M050')

insert into STRUCTURE values('ST051','Kiosk','Yellow','8:00am','7:30pm',7,1,'M051')
insert into STRUCTURE values('ST052','Kiosk','Red','8:00am','6:30pm',6,1,'M052')
insert into STRUCTURE values('ST053','Container','Red','7:30am','6:30pm',6,1,'M053')
insert into STRUCTURE values('ST054','Container','Yellow','7:00am','5:00pm',7,2,'M054')
insert into STRUCTURE values('ST055','Kiosk','Yellow','7:00am','5:30pm',6,2,'M055')
insert into STRUCTURE values('ST056','Umbrella','Yellow','7:00am','5:30pm',6,2,'M056')
insert into STRUCTURE values('ST057','Umbrella','Yellow','8:00am','5:00pm',6,1,'M057')
insert into STRUCTURE values('ST058','Container','Yellow','7:00am','5:00pm',6,2,'M058')
insert into STRUCTURE values('ST059','Kiosk','Yellow','7:00am','5:00pm',6,2,'M059')
insert into STRUCTURE values('ST060','Container','Yellow','7:00am','5:00pm',6,2,'M060')

insert into STRUCTURE values('ST061','Kiosk','Yellow','8:00am','7:30pm',7,1,'M061')
insert into STRUCTURE values('ST062','Container','Red','8:00am','7:00pm',6,1,'M062')
insert into STRUCTURE values('ST063','Container','Yellow','7:00am','7:10pm',6,1,'M063')
insert into STRUCTURE values('ST064','Container','Yellow','7:30am','6:30pm',6,1,'M064')
insert into STRUCTURE values('ST065','Office','Sea Blue','6:00am','9:30pm',7,3,'M065')
insert into STRUCTURE values('ST066','Container','Yellow','8:00am','9:00pm',6,1,'M066')
insert into STRUCTURE values('ST067','Umbrella','Yellow','6:00am','6:00pm',7,2,'M067')
insert into STRUCTURE values('ST068','Container','Yellow','7:00am','5:00pm',6,2,'M068')
insert into STRUCTURE values('ST069','Container','Yellow','7:00am','8:00pm',6,1,'M059')
insert into STRUCTURE values('ST070','Container','Yellow','6:00am','7:00pm',6,1,'M070')
insert into STRUCTURE values('ST071','Umbrella','Yellow','7:30am','8:00pm',6,1,'M071')
insert into STRUCTURE values('ST072','Umbrella','Yellow','6:00am','7:00pm',6,1,'M072')

insert into STRUCTURE values('ST073','Container','Yellow','7:00am','7:10pm',6,1,'M073')
insert into STRUCTURE values('ST074','Office','Yellow','8:30am','8:30pm',6,1,'M074')
insert into STRUCTURE values('ST075','Office','Yellow','6:00am','9:30pm',7,2,'M075')
insert into STRUCTURE values('ST076','Kiosk','Yellow','6:00am','9:00pm',7,1,'M076')
insert into STRUCTURE values('ST077','Container','Yellow','6:00am','8:00pm',6,1,'M077')
insert into STRUCTURE values('ST078','Container','Yellow','8:00am','7:00pm',6,1,'M078')
insert into STRUCTURE values('ST079','Container','Yellow','8:00am','7:00pm',6,1,'M079')
insert into STRUCTURE values('ST080','Container','Yellow','7:00am','6:00pm',6,1,'M080')
insert into STRUCTURE values('ST081','Container','Yellow','8:30am','6:00pm',6,1,'M081')
insert into STRUCTURE values('ST082','Contianer','Yellow','6:30am','5:00pm',6,2,'M082')

insert into STRUCTURE values('ST083','Container','Red','6:00am','5:00pm',6,2,'M083')
insert into STRUCTURE values('ST084','Container','Yellow','7:30am','5:30pm',6,2,'M084')
insert into STRUCTURE values('ST085','Container','Yellow','7:00am','5:30pm',6,3,'M085')
insert into STRUCTURE values('ST086','Kiosk','Yellow','6:00am','9:00pm',7,1,'M086')
insert into STRUCTURE values('ST087','Container','Yellow','6:00am','7:00pm',6,2,'M087')
insert into STRUCTURE values('ST088','Container','Yellow','7:00am','5:00pm',6,1,'M088')
insert into STRUCTURE values('ST089','Office','Yellow','8:00am','9:00pm',6,1,'M089')
insert into STRUCTURE values('ST090','Container','Yellow','7:00am','6:00pm',6,1,'M090')
insert into STRUCTURE values('ST091','Container','Yellow','8:30am','6:00pm',6,2,'M091')
insert into STRUCTURE values('ST092','Contianer','Yellow','6:30am','5:00pm',6,2,'M092')

insert into STRUCTURE values('ST093','Container','Yellow','7:00am','5:30pm',6,2,'M093')
insert into STRUCTURE values('ST094','Kiosk','Yellow','6:00am','9:00pm',7,1,'M094')
insert into STRUCTURE values('ST095','Container','Yellow','8:00am','6:00pm',6,1,'M095')
insert into STRUCTURE values('ST096','Container','Yellow','8:00am','6:30pm',6,1,'M096')
insert into STRUCTURE values('ST097','Office','Yellow','8:00am','7:30pm',6,1,'M097')
insert into STRUCTURE values('ST098','Container','Yellow','7:00am','6:30pm',6,3,'M098')
insert into STRUCTURE values('ST099','Container','Yellow','6:20am','7:30pm',6,1,'M099')
insert into STRUCTURE values('ST100','Contianer','Yellow','6:20am','7:30pm',6,2,'M100')

insert into STRUCTURE values('ST101','Container','Yellow','7:00am','7:30pm',6,2,'M101')
insert into STRUCTURE values('ST102','Office','Red','6:30am','7:00pm',7,1,'M102')
insert into STRUCTURE values('ST103','Container','Yellow','7:00am','7:30pm',6,1,'M103')
insert into STRUCTURE values('ST104','Container','Yellow','7:00am','7:30pm',6,1,'M104')
insert into STRUCTURE values('ST105','Office','Yellow','8:30am','7:30pm',6,1,'M105')
insert into STRUCTURE values('ST106','Container','Yellow','7:00am','6:30pm',6,3,'M106')
insert into STRUCTURE values('ST107','Container','Yellow','6:20am','7:30pm',6,1,'M107')
insert into STRUCTURE values('ST108','Contianer','Yellow','7:20am','6:30pm',6,2,'M108')
insert into STRUCTURE values('ST109','Container','Red','7:00am','8:00pm',7,2,'M109')
insert into STRUCTURE values('ST110','Kiosk','Yellow','8:00am','8:00pm',7,2,'M110')
insert into STRUCTURE values('ST111','Container','Yellow','8:00am','7:30pm',7,2,'M111')
insert into STRUCTURE values('ST112','Office','Red/Blue','8:00am','8:30pm',7,3,'M112')
insert into STRUCTURE values('ST113','Kiosk','Yellow','7:00am','9:00pm',7,6,'M113')
insert into STRUCTURE values('ST114','Kiosk','Red','8:00am','7:00pm',7,3,'M114')
insert into STRUCTURE values('ST115','Unbrella','Red','8:00am','7:00pm',7,2,'M115')
insert into STRUCTURE values('ST116','Kiosk','Yellow','8:00am','8:00pm',7,2,'M116')
insert into STRUCTURE values('ST117','Container','Yellow','7:00am','9:00pm',7,6,'M117')
insert into STRUCTURE values('ST118','Kiosk','Blue','6:00am','5:00pm',7,2,'M118')
insert into STRUCTURE values('ST119','Office','Red','7:00am','6:00pm',7,2,'M119')
insert into STRUCTURE values('ST120','	Container','Yellow','6:30am','7:00pm',6,2,'M120')


insert into STRUCTURE values('ST121','Kiosk','Yellow','8:00am','7:00pm',7,2,'M121')
insert into STRUCTURE values('ST122','Umbrella','Red','8:00am','10:00pm',7,2,'M122')
insert into STRUCTURE values('ST123','Container','Red','7:00am','6:00pm',7,3,'M123')
insert into STRUCTURE values('ST124','Container','Red','8:00am','5:00pm',7,2,'M124')
insert into STRUCTURE values('ST125','container','Yellow','7:00am','8:00pm',7,2,'M125')
insert into STRUCTURE values('ST126','Container','Yellow','7:00am','8:00pm',7,2,'M126')
insert into STRUCTURE values('ST127','Container','Yellow','6:00am','7:00pm',7,2,'M127')
insert into STRUCTURE values('ST128','Contianer','Yellow','8:00am','7:00pm',7,2,'M128')
insert into STRUCTURE values('ST129','Container','yellow','7:00am','8:00pm',7,2,'M129')
insert into STRUCTURE values('ST130','container','Red','8:00am','5:00pm',7,2,'M130')
insert into STRUCTURE values('ST131','Office','Red','7:00am','8:30pm',7,2,'M131')
insert into STRUCTURE values('ST132','container','yellow','8:00am','10:30pm',7,2,'M132')
insert into STRUCTURE values('ST133','Office','Red','8:00am','7:00pm',7,1,'M133')
insert into STRUCTURE values('ST134','Kiosk','Yellow','8:00am','7:00pm',7,1,'M134')
insert into STRUCTURE values('ST135','Container','Yellow','7:00am','6:00pm',7,1,'M135')
insert into STRUCTURE values('ST136','Kiosk','Yellow','8:00am','7:00pm',7,1,'M136')
insert into STRUCTURE values('ST137','Container','Blue','7:00am','8:00pm',7,1,'M137')
insert into STRUCTURE values('ST138','Kiosk','Yellow','7:00am','8:00pm',7,1,'M138')
insert into STRUCTURE values('ST139','Office','Red','7:00am','10:00pm',6,1,'M139')
insert into STRUCTURE values('ST140','	Container','Yellow','7:00am','10:00pm',6,1,'M140')





insert into STRUCTURE values('ST141','Kiosk','yellow','8:00am','5:00pm',7,1,'M141')
insert into STRUCTURE values('ST142','Office','Red','8:00am','7:00pm',7,1,'M142')
insert into STRUCTURE values('ST143','Kiosk','Yellow','8:00am','7:00pm',6,1,'M143')
insert into STRUCTURE values('ST144','Kiosk','Yellow','7:00am','7:00pm',7,2,'M144')
insert into STRUCTURE values('ST145','Office','Yellow','8:00am ','6:00pm',7,1 ,'M145')
insert into STRUCTURE values('ST146','Kiosk','Yellow','8:00am','7:00pm',7,1 ,'M146')
insert into STRUCTURE values('ST147','Kiosk','Yellow','8:00am','8:00pm',7,2,'M147')
insert into STRUCTURE values('ST148','Kiosk','Yellow','8:00am','9:00pm',7,1,'M148')
insert into STRUCTURE values('ST149','Office','Yellow','7:00am','7:00pm',7,1,'M149')
insert into STRUCTURE values('ST150','Office','Red','9:00am','10:00pm',7,2,'M150')
insert into STRUCTURE values('ST151','Kiosk','Yellow','8:00am','8:00pm',7,1,'M151')
insert into STRUCTURE values('ST152','Kiosk','Yellow','7:00am','7:00pm',7,1,'M152')
insert into STRUCTURE values('ST153','Office','Blue','6:00am','6:00pm',6,1,'M153')
insert into STRUCTURE values('ST154','Office','Yellow','9:00am','9:00pm',7,1,'M154')
insert into STRUCTURE values('ST155','Office','Yellow','7:00am','9:00pm',7,3,'M155')
insert into STRUCTURE values('ST156','Kiosk','Yellow','7:00am','7:00pm',7,2,'M156')
insert into STRUCTURE values('ST157','Kiosk','Yellow','7:00am','6:00pm',7,1,'M157')
insert into STRUCTURE values('ST158','Kiosk','Yellow','7:00am','7:00pm',7,1,'M158')
insert into STRUCTURE values('ST159','Kiosk','Yellow','7:00am','8:00pm',7,1,'M159')
insert into STRUCTURE values('ST160','Kiosk','Yellow','8:00am','8:00pm',7,1,'M160')

insert into STRUCTURE values('ST161','Office','Red','7:00am','8:00pm',7,3,'M161')
insert into STRUCTURE values('ST162','Kiosk','Yellow','8:00am','8:00pm',7,1,'M162')
insert into STRUCTURE values('ST163','Office','Yellow','8:00am','8:00pm',7,2,'M163')
insert into STRUCTURE values('ST164','Kiosk','Yellow','8:00am','8:00pm',7,2,'M164')
insert into STRUCTURE values('ST165','Office','Yellow','8:00am','8:00pm',7,2,'M165')
insert into STRUCTURE values('ST166','Office','Yellow','7:00am','7:00pm',7,1,'M166')
insert into STRUCTURE values('ST167','Kiosk','Yellow','8:00am','8:00pm',7,1,'M167')
insert into STRUCTURE values('ST168','Kiosk','Yellow','7:00am','7:00pm',7,1,'M168')
insert into STRUCTURE values('ST169','Kiosk','Yellow','7:00am','7:00pm',7,2,'M169')
insert into STRUCTURE values('ST170','Office','Yellow','7:00am','6:00pm',7,2,'M170')
insert into STRUCTURE values('ST171','Office','Red','8:00am','5:00pm',7,2,'M171')
insert into STRUCTURE values('ST172','Kiosk','Yellow','7:00am','6:00pm',7,2,'M172')

insert into STRUCTURE values('ST173','Kiosk','Yellow','7:00am','6:00pm',7,1,'M173')
insert into STRUCTURE values('ST174','Office','Red','8:00am','7:00pm',7,1,'M174')
insert into STRUCTURE values('ST175','Kiosk','Yellow','8:00am','6:00pm',7,3,'M175')
insert into STRUCTURE values('ST176','Kiosk','Yellow','7:00am','6:00pm',7,2,'M176')
insert into STRUCTURE values('ST177','Office','Red','7:00am','6:00pm',7,2,'M177')
insert into STRUCTURE values('ST178','Kiosk','Yellow','8:00am','5:00pm',7,2,'M178')
insert into STRUCTURE values('ST179','Kiosk','Yellow','7:00am','5:00pm',7,2,'M179')
insert into STRUCTURE values('ST180','Kiosk','Yellow','7:00am','6:00pm',7,2,'M180')




insert into STRUCTURE values('ST181','Kiosk','Yellow','8:00am','7:00pm',7,2,'M181')
insert into STRUCTURE values('ST182','Umbrella','Red','8:00am','10:00pm',7,2,'M182')
insert into STRUCTURE values('ST183','Container','Red','7:00am','6:00pm',7,3,'M183')
insert into STRUCTURE values('ST184','Container','Red','8:00am','5:00pm',7,2,'M184')
insert into STRUCTURE values('ST185','container','Yellow','7:00am','8:00pm',7,2,'M185')
insert into STRUCTURE values('ST186','Container','Yellow','7:00am','8:00pm',7,2,'M186')
insert into STRUCTURE values('ST187','Container','Yellow','6:00am','7:00pm',7,1,'M187')
insert into STRUCTURE values('ST188','Contianer','Yellow','8:00am','7:00pm',7,2,'M188')
insert into STRUCTURE values('ST189','Container','yellow','7:00am','8:00pm',7,2,'M189')
insert into STRUCTURE values('ST190','container','Red','8:00am','5:00pm',7,2,'M190')

insert into STRUCTURE values('ST191','Office','Yellow','8:00am','8:00pm',7,4,'M191')
insert into STRUCTURE values('ST192','Kiosk','Yellow','8:00am','8:00pm',7,2,'M192')
insert into STRUCTURE values('ST193','Office','Yellow','8:00am','8:00pm',7,3,'M193')
insert into STRUCTURE values('ST194','Office','Yellow','7:00am','7:00pm',7,1,'M194')
insert into STRUCTURE values('ST195','Kiosk','Yellow','8:00am','8:00pm',7,1,'M195')
insert into STRUCTURE values('ST196','Kiosk','Yellow','7:00am','7:00pm',7,1,'M196')
insert into STRUCTURE values('ST197','Kiosk','Yellow','7:00am','7:00pm',7,2,'M197')
insert into STRUCTURE values('ST198','Office','Yellow','7:00am','6:00pm',7,2,'M198')
insert into STRUCTURE values('ST199','Office','Red','8:00am','5:00pm',7,2,'M199')
insert into STRUCTURE values('ST200','Office','Red','8:00am','5:00pm',7,2,'M200')

select * from structure
create table momo(
momo_id varchar(12)primary key,
momo_type varchar(34),
no_cust int,
avg_outlet int,
avg_inlet int,
avg_total int,
no_phone int ,
phone_type varchar(23),


);
insert into MOMO values('M001','MTN',40,2000,3000,5000,2,'Techno')
insert into MOMO values('M002','Vodafone',60,2000,1000,3000,1,'Samsung')
insert into MOMO values('M003','MTN',30,900,400,1300,3,'Techno')
insert into MOMO values('M004','MTN',48,1000,2000,3000,2,'Techno')
insert into MOMO values('M005','MTN',75,8000,4000,1200,2,'Techno')
insert into MOMO values('M006','MTN',61,8000,7000,15000,2,'Nokia')
insert into MOMO values('M007','MTN',41,1000,1400,2400,2,'Nokia 1100')
insert into MOMO values('M008','MTN',100,6000,10000,16000,2,'Techno')
insert into MOMO values('M009','MTN',21,200,800,1000,2,'Techno')
insert into MOMO values('M010','MTN/Vodafone',100,2000,6000,8000,3,'Techno')
insert into MOMO values('M011','MTN',21,300,700,1000,2,'Techno')
insert into MOMO values('M012','MTN',81,8000,2000,10000,2,'Techno')
insert into MOMO values('M013','AirtelTigo/MTN',71,1200,1000,2200,2,'Samsung')
insert into MOMO values('M014','MTN/Vodafone/AirtelTigo',50,800,2000,2800,2,'Samsung')
insert into MOMO values('M015','MTN/Vodafone/AirtelTigo',47,3000,2000,5000,3,'Techno')
insert into MOMO values('M016','MTN/Vodafone',81,8000,2000,10000,2,'Techno')
insert into MOMO values('M017','/MTN/Vodafone',87,4000,2000,8000,2,'Techno')
insert into MOMO values('M018','MTN',68,800,900,1700,2,'Techno')
insert into MOMO values('M019','MTN',86,4000,8000,12000,2,'Techno')
insert into MOMO values('M020','MTN',69,2000,1400,3400,2,'Techno')

insert into MOMO values('M021','MTN/Vodafone/Airteltigo',87,2100,2200,4300,2,'X-Tigi')
insert into MOMO values('M022','MTN',52,8000,9000,1700,2,'Techno')
insert into MOMO values('M023','MTN',58,6000,8000,1400,2,'Techno')
insert into MOMO values('M024','MTN/Vodafone/Airteltigo',69,1000,2000,3000,2,'Techno')
insert into MOMO values('M025','MTN/Airteltigo',75,2000,5000,8000,2,'Techno')
insert into MOMO values('M026','MTN/Airteltigo',78,1600,2000,36000,2,'Nokia')
insert into MOMO values('M027','MTN',38,800,1000,1800,2,'Techno')
insert into MOMO values('M028','MTN',86,2600,2000,4600,2,'Techno')
insert into MOMO values('M029','MTN/Airteltigo',42,2000,800,2800,2,'Techno')
insert into MOMO values('M030','MTN/Vodafone',100,2000,6000,8000,3,'Techno')
insert into MOMO values('M031','Vodafone',84,8000,10000,18000,2,'Techno')
insert into MOMO values('M032','MTN',87,1000,2000,3000,2,'Techno')

insert into MOMO values('M033','MTN',91,2600,2900,5500,2,'Techno')
insert into MOMO values('M034','MTN',55,1700,800,2500,2,'Techno')
insert into MOMO values('M035','MTN/Vodafone',24,700,800,2500,2,'Techno')
insert into MOMO values('M036','MTN',87,2500,2100,4600,2,'Techno')
insert into MOMO values('M037','MTN',101,3000,3200,6200,3,'Techno')
insert into MOMO values('M038','MTN',56,2500,2100,4600,2,'Techno')
insert into MOMO values('M039','MTN',57,2400,2300,4700,2,'X-Tigi')
insert into MOMO values('M040','MTN',78,2400,2600,5000,2,'X-Tigi')
insert into MOMO values('M041','Vodafone',91,2400,2300,2700,2,'Techno')
insert into MOMO values('M042','MTN',74,2000,5000,7000,2,'Techno')
insert into MOMO values('M043','MTN',68,1400,1200,2600,2,'Techno')
insert into MOMO values('M044','MTN',26,2000,2800,4800,1,'Techno')
insert into MOMO values('M045','MTN',32,600,500,1100,1,'Techno')
insert into MOMO values('M046','MTN',81,5000,1000,6000,1,'MTN')
insert into MOMO values('M047','MTN',49,2400,2500,4900,2,'Nokia')
insert into MOMO values('M048','MTN',22,1100,900,2000,3,'Techno')
insert into MOMO values('M049','MTN',60,10000,15000,25000,5,'Samsung A50')
insert into MOMO values('M050','MTN',60,2300,1900,4200,2,'Techno')

insert into MOMO values('M051','Vodafone/Airteltigo',80,6000,4000,10000,2,'Nokia')
insert into MOMO values('M052','MTN',49,2400,2500,4900,1,'Nokia')
insert into MOMO values('M053','MTN/Aiteltigo',42,3100,2900,6000,1,'Techno')
insert into MOMO values('M054','MTN',40,4200,2000,6200,2,'Techno')
insert into MOMO values('M055','MTN',28,1700,1420,3120,2,'Nokia')
insert into MOMO values('M056','MTN',29,1740,1700,3440,2,'Techno')
insert into MOMO values('M057','MTN',25,4200,3000,4500,1,'Samsung')
insert into MOMO values('M058','MTN',34,4200,3100,7300,3,'Techno')
insert into MOMO values('M059','MTN',28,2461,2000,4461,2,'Techno')
insert into MOMO values('M060','MTN',23,4620,3800,8420,2,'Itel')

insert into MOMO values('M061','Vodafone/MTN',20,2800,2000,4800,2,'Blu')
insert into MOMO values('M062','MTN',30,900,910,1600,1,'Techno')
insert into MOMO values('M063','Vodafone',30,2000,1000,3000,2,'Techno')
insert into MOMO values('M064','MTN/Airteltigo',40,1100,1000,2100,2,'Techno')
insert into MOMO values('M065','MTN',90,2000,3500,5000,4,'Techno')
insert into MOMO values('M066','MTN',29,1440,1200,3000,2,'Techno')
insert into MOMO values('M067','MTN',50,4000,3000,4500,2,'Techno')
insert into MOMO values('M068','MTN',40,4200,3100,7300,2,'Techno')
insert into MOMO values('M069','MTN/Vodafone',50,900,800,1700,1,'Techno')
insert into MOMO values('M070','MTN',25,500,200,700,1,'Techno')
insert into MOMO values('M071','MTN',20,1500,1200,2700,2,'Techno')
insert into MOMO values('M072','MTN',100,9000,5000,4000,2,'Blu')

insert into MOMO values('M073','MTN',35,2000,1000,3100,2,'Techno')
insert into MOMO values('M074','MTN/Airteltigo',18,3000,2000,5000,2,'Techno')
insert into MOMO values('M075','MTN',60,2000,3000,4000,2,'Techno')
insert into MOMO values('M076','MTN',21,900,1000,2000,2,'Techno')
insert into MOMO values('M077','MTN',50,1500,2000,3500,1,'Techno')
insert into MOMO values('M078','MTN',55,1800,1500,3300,1,'Nokia')
insert into MOMO values('M079','MTN/Vodafone',90,4000,1500,5500,3,'Itel')
insert into MOMO values('M080','MTN',40,1900,900,2800,1,'Nokia')
insert into MOMO values('M081','MTN',6,4000,3000,7000,3,'Itel')
insert into MOMO values('M082','MTN/Vodafone/Airteltigo',29,5350,2750,8100,2,'Nokia')

insert into MOMO values('M083','MTN/Vodafone/Airteltigo',29,3200,2000,5200,2,'Techno')
insert into MOMO values('M084','MTN/Airteltigo',36,7200,4700,1150,2,'Techno')
insert into MOMO values('M085','MTN',29,3300,2850,4000,1,'Samsung')
insert into MOMO values('M086','MTN',40,900,1300,2300,2,'Techno')
insert into MOMO values('M087','MTN',90,10000,7000,1700,1,'Techno')
insert into MOMO values('M088','MTN',79,8000,1000,9000,1,'Nokia')
insert into MOMO values('M089','MTN/Vodafone',90,4000,1500,5500,3,'Nokia')
insert into MOMO values('M090','MTN',43,1900,900,2000,1,'Nokia')
insert into MOMO values('M091','MTN',22,4000,2001,6001,1,'Itel')
insert into MOMO values('M092','MTN/Vodafone',29,1450,1220,2670,1,'Nokia')

insert into MOMO values('M093','MTN',29,2340,2000,4340,1,'Samsung')
insert into MOMO values('M094','MTN',90,3400,2112,5512,2,'Techno')
insert into MOMO values('M095','MTN',90,10000,7000,1700,1,'Techno')
insert into MOMO values('M096','MTN',37,9120,1834,3754,1,'Nokia')
insert into MOMO values('M097','MTN/Vodafone',47,2810,1700,4500,3,'Nokia')
insert into MOMO values('M098','MTN',86,5000,4000,7000,3,'Nokia')
insert into MOMO values('M099','MTN',66,2910,1610,4580,1,'Itel')
insert into MOMO values('M100','MTN/Vodafone',45,470,3870,8580,1,'Nokia')

insert into MOMO values('M101','MTN',80,7000,4000,1100,2,'Samsung')
insert into MOMO values('M102','MTN',90,2200,1800,4000,1,'Techno')
insert into MOMO values('M103','MTN',34,3710,1000,4700,1,'Techno')
insert into MOMO values('M104','MTN',60,2100,2000,4100,3,'Nokia')
insert into MOMO values('M105','MTN/Vodafone',68,2810,1900,4600,3,'Nokia')
insert into MOMO values('M106','MTN',89,5000,4000,7000,2,'Techno')
insert into MOMO values('M107','MTN',60,2000,1910,4580,1,'Itel')
insert into MOMO values('M108','MTN',40,470,3070,8180,1,'Techno')
insert into MOMO values('M109','MTN/Vodafone',68,2000,4000,6000,2,'Xtigi')
insert into MOMO values('M110','MTN/Vodafone',64,800,200,800,2,'Techno')
insert into MOMO values('M111','MTN/Vodafone',81,2800,2300,5100,3,'Nokia')
insert into MOMO values('M112','MTN/Vodafone',81,2800,2300,5100,3,'Nokia')
insert into MOMO values('M113','MTN/Vodafone',81,2800,2400,5200,2,'HTC')
insert into MOMO values('M114','MTN',58,8600,200,8800,3,'Nokia')
insert into MOMO values('M115','MTN',61,2000,6000,8000,2,'X-Tigi')
insert into MOMO values('M116','MTN',62,640,740,1380,2,'Techno')
insert into MOMO values('M117','MTN',81,2300,2400,5200,2,'Nokia')
insert into MOMO values('M118','MTN',68,8600,2000,8200,3,'Nokia')
insert into MOMO values('M119','MTN',51,2000,6000,8000,2,'X-Tigi')
insert into MOMO values('M120','MTN',62,690,740,1580,2,'Techno')


insert into MOMO values('M121','MTN',68,2000,1000,3000,2,'Techno')
insert into MOMO values('M122','Vodafone',63,2800,1000,3800,2,'Nokia')
insert into MOMO values('M123','Vodafone',62,2100,2000,4100,2,'Techno')
insert into MOMO values('M124','MTN',60,2000,1000,3000,2,'Techno')
insert into MOMO values('M125','MTN/Vodafone',80,2000,3000,5000,2,'Techno')
insert into MOMO values('M126','MTN',71,1000,4000,5000,2,'Techno')
insert into MOMO values('M127','MTN',60,2000,1000,3000,2,'Techno')
insert into MOMO values('M128','MTN',72,2000,4000,6000,2,'Techno')
insert into MOMO values('M129','MTN',50,1200,1100,2300,2,'techno')
insert into MOMO values('M130','Vodafone',64,2000,3000,5000,2,'Techno')
insert into MOMO values('M131','Vodafone',90,6000,2000,8000,2,'Techno')
insert into MOMO values('M132','MTN',81,2800,1000,3800,2,'Techno')
insert into MOMO values('M133','MTN/Vodafone',40,2400,1000,3400,3,'Nokia')
insert into MOMO values('M134','MTN',60,2400,2100,4500,2,'Techno')
insert into MOMO values('M135','MTN',40,2410,2000,4410,2,'Techno')
insert into MOMO values('M136','Vodafone',62,2400,2500,4900,2,'Techno')
insert into MOMO values('M137','AirtelTigo',20,440,440,880,2,'Nokia')
insert into MOMO values('M138','MTN',51,1800,1000,2800,2,'Techno')
insert into MOMO values('M139','MTN/Vodafone',96,5000,6000,1100,2,'Techno')
insert into MOMO values('M140','MTN',70,2000,3000,5000,2,'Techno')

insert into MOMO values('M141','MTN',40,2000,3000,5000,2,'Techno')
insert into MOMO values('M142','Vodafone',60,2000,1000,3000,1,'Samsung')
insert into MOMO values('M143','MTN',30,900,400,1300,3,'Techno')
insert into MOMO values('M144','MTN',48,1000,2000,3000,2,'Techno')
insert into MOMO values('M145','MTN',75,8000,4000,1200,2,'Techno')
insert into MOMO values('M146','MTN',61,8000,7000,15000,2,'Nokia')
insert into MOMO values('M147','MTN',41,1000,1400,2400,2,'Nokia 1100')
insert into MOMO values('M148','MTN',100,6000,10000,16000,2,'Techno')
insert into MOMO values('M149','MTN',21,200,800,1000,2,'Techno')
insert into MOMO values('M150','MTN/Vodafone',100,2000,6000,8000,3,'Techno')
insert into MOMO values('M151','MTN',21,300,700,1000,2,'Techno')
insert into MOMO values('M152','MTN',81,8000,2000,10000,2,'Techno')
insert into MOMO values('M0153','AirtelTigo/MTN',71,1200,1000,2200,2,'Samsung')
insert into MOMO values('M154','MTN/Vodafone/AirtelTigo',50,800,2000,2800,2,'Samsung')
insert into MOMO values('M155','MTN/Vodafone/AirtelTigo',47,3000,2000,5000,3,'Techno')
insert into MOMO values('M156','MTN/Vodafone',81,8000,2000,10000,2,'Techno')
insert into MOMO values('M157','/MTN/Vodafone',87,4000,2000,8000,2,'Techno')
insert into MOMO values('M158','MTN',68,800,900,1700,2,'Techno')
insert into MOMO values('M159','MTN',86,4000,8000,12000,2,'Techno')
insert into MOMO values('M160','MTN',69,2000,1400,3400,2,'Techno')

insert into MOMO values('M161','MTN/Vodafone/Airteltigo',87,2100,2200,4300,2,'X-Tigi')
insert into MOMO values('M162','MTN',52,8000,9000,1700,2,'Techno')
insert into MOMO values('M163','MTN',58,6000,8000,1400,2,'Techno')
insert into MOMO values('M164','MTN/Vodafone/Airteltigo',69,1000,2000,3000,2,'Techno')
insert into MOMO values('M165','MTN/Airteltigo',75,2000,5000,8000,2,'Techno')
insert into MOMO values('M166','MTN/Airteltigo',78,1600,2000,36000,2,'Nokia')
insert into MOMO values('M167','MTN',38,800,1000,1800,2,'Techno')
insert into MOMO values('M168','MTN',86,2600,2000,4600,2,'Techno')
insert into MOMO values('M169','MTN/Airteltigo',42,2000,800,2800,2,'Techno')
insert into MOMO values('M170','MTN/Vodafone',100,2000,6000,8000,3,'Techno')
insert into MOMO values('M171','Vodafone',84,8000,10000,18000,2,'Techno')
insert into MOMO values('M172','MTN',87,1000,2000,3000,2,'Techno')

insert into MOMO values('M173','MTN',91,2600,2900,5500,2,'Techno')
insert into MOMO values('M174','MTN',55,1700,800,2500,2,'Techno')
insert into MOMO values('M175','MTN/Vodafone',24,700,800,2500,2,'Techno')
insert into MOMO values('M176','MTN',87,2500,2100,4600,2,'Techno')
insert into MOMO values('M177','MTN',101,3000,3200,6200,3,'Techno')
insert into MOMO values('M178','MTN',56,2500,2100,4600,2,'Techno')
insert into MOMO values('M179','MTN',57,2400,2300,4700,2,'X-Tigi')
insert into MOMO values('M180','MTN',78,2400,2600,5000,2,'X-Tigi')


insert into MOMO values('M181','MTN',57,2400,2300,4700,2,'techno')
insert into MOMO values('M182','MTN',78,2400,2600,5000,2,'nokia')
insert into MOMO values('M183','Vodafone',91,2400,2300,2700,2,'Techno')
insert into MOMO values('M184','MTN',74,2000,5000,7000,2,'Techno')
insert into MOMO values('M185','MTN',68,1400,1200,2600,2,'Techno')
insert into MOMO values('M186','MTN',26,2000,2800,4800,1,'Techno')
insert into MOMO values('M187','MTN',32,600,500,1100,1,'Techno')
insert into MOMO values('M188','MTN',81,5000,1000,6000,1,'MTN')
insert into MOMO values('M189','MTN',49,2400,2500,4900,2,'Nokia')
insert into MOMO values('M190','MTN',22,1100,900,2000,3,'Techno')
insert into MOMO values('M191','MTN',60,10000,15000,25000,5,'Samsung A50')
insert into MOMO values('M192','MTN',60,2300,1900,4200,2,'Techno')

insert into MOMO values('M193','Vodafone/Airteltigo',80,6000,4000,10000,2,'Nokia')
insert into MOMO values('M194','MTN',49,2400,2500,4900,1,'Nokia')
insert into MOMO values('M195','MTN/Aiteltigo',42,3100,2900,6000,1,'Techno')
insert into MOMO values('M196','MTN',40,4200,2000,6200,2,'Techno')
insert into MOMO values('M197','MTN',28,1700,1420,3120,2,'Nokia')
insert into MOMO values('M198','MTN',29,1740,1700,3440,2,'Techno')
insert into MOMO values('M199','MTN',25,4200,3000,4500,1,'Samsung')
insert into MOMO values('M200','MTN',25,4200,3000,4500,1,'Samsung')


Select *from momo


